,BES,HHO,CoSH
0,1.0,0.9862320396754034,0.8960329002054614
1,1.0,0.47611660967658465,0.010088100753688038
2,1.0,0.361713407357843,0.0016018305922528998
3,0.8885072445056523,0.24884631859471693,8.36388697391346e-05
4,0.8885072445056523,0.21421481678139123,7.349046793832408e-05
5,0.8885072445056523,0.09119074582317173,3.5325358397881914e-06
6,0.8885072445056523,0.09119074582317173,3.1026878105127035e-06
7,0.7356675625283837,0.054635874575769225,2.921979168353508e-06
8,0.7356675625283837,0.023343271883894245,2.6200337638747444e-07
9,0.7356675625283837,0.020402621734201716,1.1546155606889723e-07
10,0.7356675625283837,0.018928396717979423,6.134270644606517e-08
11,0.6751347234839857,0.010418192338022585,1.371290407453285e-10
12,0.590752643676136,0.004118672176245217,1.0753830545508796e-10
13,0.590752643676136,0.004118672176245217,1.0287819008205404e-10
14,0.5872950041992877,0.002092433243277051,2.6883473824118582e-12
15,0.5719565143232876,0.002092433243277051,2.6883473824118582e-12
16,0.5719565143232876,0.0013764663300207026,2.6883473824118582e-12
17,0.5719565143232876,0.0007508730359377867,2.7146189441724786e-13
18,0.5215683320727719,0.0006354637862027098,2.7146189441724786e-13
19,0.49134287745429606,0.00047448252121181424,2.7146189441724786e-13
20,0.4844770175109022,0.0003182957663388034,4.3870132432400785e-14
21,0.40010939249840155,0.00016030343015189017,1.804953645930598e-15
22,0.3676585697203573,0.00016030343015189017,1.7056822304237737e-16
23,0.350862793372187,8.143870739961062e-05,5.158466447845176e-17
24,0.33179421660766545,5.2317276386331655e-05,5.1416702556282805e-17
25,0.33179421660766545,4.3633895243857074e-05,3.509890883091685e-17
26,0.32465881549055575,3.509660000461611e-05,5.44705338765179e-18
27,0.26467583977242704,1.652487255875377e-05,4.5144997254611065e-19
28,0.26467583977242704,9.753183264421731e-06,4.5144997254611065e-19
29,0.23824099845631946,7.035567602088943e-06,2.8069975726428044e-19
30,0.2023355903973468,4.68294919652741e-06,5.827653130685251e-20
31,0.2023355903973468,2.882974936889767e-06,1.6429352984351975e-23
32,0.20131060534492692,2.0569573790084437e-06,6.612403211856333e-24
33,0.17939533003853939,1.1674991390519788e-06,5.215494684664908e-24
34,0.16735432152379798,1.1674991390519788e-06,5.215494684664908e-24
35,0.16735432152379798,7.233339909558732e-07,3.761273443038494e-24
36,0.16406095844651405,5.143001377345808e-07,2.699642996604291e-24
37,0.16406095844651405,3.8866534429414833e-07,1.317041698658829e-25
38,0.16406095844651405,2.18132915949101e-07,1.296142346848694e-26
39,0.15746210074995437,1.5404447100372892e-07,1.0857989661874934e-26
40,0.15348347788193303,1.2123467504518045e-07,3.2226425442497416e-27
41,0.1384978446795655,8.21020581906633e-08,1.8972041810131785e-27
42,0.13676016788467923,4.1060326285673663e-08,1.4778551922532003e-27
43,0.13676016788467923,3.5738507548084684e-08,9.445759957371296e-29
44,0.13676016788467923,2.6148619394603493e-08,6.862242277251174e-29
45,0.13282360166809418,1.109222552225339e-08,9.145701696824253e-31
46,0.12222763331990641,1.0542673844445085e-08,3.5236830225681567e-31
47,0.11361801887068786,6.785310890298058e-09,9.359291664332991e-32
48,0.1051629002586577,4.756781964735094e-09,9.359291664332991e-32
49,0.10059670980503589,2.8072390202465206e-09,9.123451344097577e-33
50,0.095729051141152,1.6066378320532188e-09,2.473314914588435e-33
51,0.095729051141152,1.3888866253560941e-09,2.4289221015588906e-34
52,0.09503243455048584,8.745774020518401e-10,1.4560302638203858e-34
53,0.09175940142505327,6.535813145092328e-10,2.6439686744299464e-35
54,0.08936361292171238,2.578930017629103e-10,2.5784830840995328e-36
55,0.0865114501296585,2.5300994719487237e-10,1.5546470911562925e-36
56,0.0865114501296585,1.7853647987448343e-10,2.2867554094270687e-37
57,0.0865114501296585,1.1499763486903809e-10,9.82644641739723e-39
58,0.08412372875116793,6.787805280510985e-11,5.343076488273126e-40
59,0.08237976201540341,4.819903612365165e-11,2.6213868920147263e-40
60,0.08237976201540341,4.2442971151605753e-11,5.157788368146233e-41
61,0.08182865255689617,3.04550876054349e-11,1.7809964004718686e-41
62,0.0788598454234017,1.6332380149766185e-11,9.426108913259328e-43
63,0.07764081610437365,1.1264429194835476e-11,8.684087870146016e-44
64,0.07406020597975699,7.817711054938805e-12,1.5536754386561587e-44
65,0.07310847541837366,4.6356995109828965e-12,7.843000674806148e-45
66,0.07272724472742674,3.6193219891833492e-12,1.0718989144324788e-45
67,0.07139353668112484,2.1319078441823438e-12,6.443854217175933e-46
68,0.06406369326527536,1.6115599374406864e-12,2.2309366358881327e-47
69,0.06406369326527536,1.1512906399739536e-12,1.7086786359174604e-47
70,0.06406369326527536,7.095997874466216e-13,8.070403792865122e-48
71,0.062085628286986105,5.319341766026364e-13,4.1243292398567465e-51
72,0.06146276374963642,3.140048493188866e-13,3.447425430232454e-51
73,0.06007571794028697,2.3882433552610984e-13,3.278791032209486e-51
74,0.056166247877688494,1.6357009334710002e-13,5.04015507172044e-52
75,0.05394507207515873,1.1459634597379917e-13,2.6114161114116e-52
76,0.047094441509422005,6.89996114856745e-14,1.587746388073677e-52
77,0.04226076433321201,4.2204516132835487e-14,1.2196284218280004e-52
78,0.039642347240912104,2.7569486186983874e-14,1.0500546368442783e-52
79,0.03853041909547925,2.7569486186983874e-14,7.533116704759749e-53
80,0.03544944382093799,2.0244386844310945e-14,6.259802198477668e-53
81,0.034327288396449454,1.3804783560743855e-14,5.9058431863913225e-53
82,0.034327288396449454,9.450182701470847e-15,5.562323033044228e-53
83,0.034327288396449454,5.7702407572082894e-15,4.86155110925583e-53
84,0.03310398278182198,4.51472700006173e-15,2.2055016184283913e-53
85,0.031671885874551026,2.617704847842643e-15,1.789541406393216e-53
86,0.02858608532908107,1.5842167548243342e-15,1.3545734114707347e-53
87,0.027055215902266512,1.0532426309188566e-15,1.0549239883463486e-53
88,0.027055215902266512,8.225163316076797e-16,9.78265957582391e-54
89,0.02594432609434046,5.404853959852636e-16,8.614259250544374e-54
90,0.02533339897954348,3.4928362432314415e-16,7.285193519986553e-54
91,0.023808841777023047,2.4206234514664624e-16,4.7030440245103276e-54
92,0.02047911394250108,1.8771278831115068e-16,3.009219318362558e-54
93,0.018141332931370775,1.4904225740020006e-16,2.3973097222879987e-54
94,0.01753732600058679,7.543875486304252e-17,1.5365475298309784e-54
95,0.015557131807740496,6.307384845406902e-17,7.241506145575785e-55
96,0.015557131807740496,3.420529238091423e-17,4.55713887377921e-55
97,0.015557131807740496,3.1768105440922117e-17,1.2639202815885564e-55
98,0.015557131807740496,1.8130516128708973e-17,1e-06
99,0.015557131807740496,1.4776161430329736e-17,1e-06
