,Epochs 0,Epochs 1,Epochs 2,Epochs 3,Epochs 4,Epochs 5,Epochs 6,Epochs 7,Epochs 8,Epochs 9,Epochs 10,Epochs 11,Epochs 12,Epochs 13,Epochs 14,Epochs 15,Epochs 16,Epochs 17,Epochs 18,Epochs 19,Epochs 20,Epochs 21,Epochs 22,Epochs 23,Epochs 24,Epochs 25,Epochs 26,Epochs 27,Epochs 28,Epochs 29,Epochs 30,Epochs 31,Epochs 32,Epochs 33,Epochs 34,Epochs 35,Epochs 36,Epochs 37,Epochs 38,Epochs 39,Epochs 40,Epochs 41,Epochs 42,Epochs 43,Epochs 44,Epochs 45,Epochs 46,Epochs 47,Epochs 48,Epochs 49,Epochs 50,Epochs 51,Epochs 52,Epochs 53,Epochs 54,Epochs 55,Epochs 56,Epochs 57,Epochs 58,Epochs 59,Epochs 60,Epochs 61,Epochs 62,Epochs 63,Epochs 64,Epochs 65,Epochs 66,Epochs 67,Epochs 68,Epochs 69,Epochs 70,Epochs 71,Epochs 72,Epochs 73,Epochs 74,Epochs 75,Epochs 76,Epochs 77,Epochs 78,Epochs 79,Epochs 80,Epochs 81,Epochs 82,Epochs 83,Epochs 84,Epochs 85,Epochs 86,Epochs 87,Epochs 88,Epochs 89,Epochs 90,Epochs 91,Epochs 92,Epochs 93,Epochs 94,Epochs 95,Epochs 96,Epochs 97,Epochs 98,Epochs 99
EfficientNet,53.46206420145622,55.24236898480159,55.88435455575025,61.21574691735215,65.03494483523163,76.65103121535995,77.46256324580975,79.55146515389742,82.12887157857887,85.43023571941296,87.25054845494219,87.30217095409307,90.82242625023854,92.08622491772982,95.01626598362552,97.83476680370885,99.69501057301872,103.3265476484371,107.79823284368665,112.4280732490197,115.65476092606036,122.85896868913471,125.4852030321125,126.39375017083637,129.295985183212,130.1831450579583,134.3003784443783,135.17097806212809,137.10824677311058,140.86285951613732,143.1004649795152,143.86061808322816,144.82738048069282,145.81718147867247,148.26370682259437,155.07804367974023,157.0387862911321,163.3740454264754,167.25917159125217,169.5928527152355,171.20760565427418,180.12566386912613,180.28339128950364,183.58231722049976,183.85455688931324,190.60717520548275,195.2975625909524,196.88839501488457,199.4592606654262,202.64322501921964,204.2742026679698,210.5208804192635,215.23374540110922,215.66284953723334,219.0035533225086,224.21337433738927,226.23278918609782,227.033391932283,228.94617685247096,231.32433284880221,233.43407451254922,234.7212199117862,240.02673805958324,242.21624601364272,242.79365040083752,249.42173713307932,255.37646363568774,256.51864818905557,259.23428548083655,263.3717951429554,265.1096456703342,267.6062875968719,270.75724710272954,271.1303203192305,273.2094621821554,282.21204144305875,290.43091354003377,291.0448260056524,291.4306302874921,294.30529198148645,294.37893921628574,295.57268928132595,298.8476085731676,299.8125920912632,301.2825829048226,303.4324793148513,305.8673598348181,307.51559425257756,310.8829692357814,312.8812354701457,314.2108313339165,316.9459510805272,317.15270483098215,320.52047889451416,325.4389932397243,327.16781742238595,327.9963856109208,331.50655066952277,333.2565011215032,334.8322342024634
STIDNet,40.912602801088035,42.882805705876976,45.920249576371326,52.730331029679235,55.30813973576029,57.149368821112304,57.83921426945879,58.21778966218301,60.89259052848055,64.46512379988272,65.95228841450285,67.52419941220991,69.26115771064812,73.92369215770267,75.87105788751269,76.27958194766883,78.14378079622921,80.92794044134239,83.75983853035076,84.284819153563,88.13622811427618,88.33374339126729,90.35950196472766,93.23573431271078,95.56716556261549,104.59580234970086,107.46925909748263,113.37683293282163,117.32141417262986,122.08998367777384,122.74460056786762,124.12276325678428,126.68268808584865,133.51653811510596,134.54631441028215,138.35287679455476,139.92421270945036,143.24976607930876,144.68505072166613,153.14474169907754,154.3986624173877,156.77107122746523,165.37986977128395,166.461612665396,168.1352596562487,172.13042204688077,172.42174255352347,174.99913996298346,178.51961236785996,181.51865337965677,188.40189763487933,191.9594329094291,192.89499451757263,198.02626452839206,198.67855015197318,199.771098060116,204.11968731678297,206.0279071167467,207.7984860842983,209.4327582390834,210.89362319532933,213.93269356936258,216.19771709927375,217.89180808758977,228.16683036824713,228.65199517247447,231.2175036121796,233.9927671872643,237.67513053145376,239.96670490160506,244.6404569189615,245.73461608549184,251.25620631533025,251.93473244520618,254.43300690617326,255.76412687292833,261.8115422670114,262.8457937651077,263.7510380747305,265.09997898142353,267.0245953848691,270.92435498390853,272.31922436411026,275.12767777915803,275.4468493383368,281.2039671463717,282.82299622546986,290.3378233897564,295.50635447979045,297.36490046998586,302.37328709653843,302.7040020094204,302.7941046024465,309.5134087405196,311.9351009824809,313.81146762465,320.57595921119616,324.6403131265002,325.36605972381966,329.9638006312044
DCNN,40.950903150205626,44.34370416706067,46.828365651683576,54.189497482416385,56.02582847079613,57.75769970080758,59.66763212443692,61.41106968842544,63.28779994245023,65.49422132782499,66.11580542311657,68.35474390276684,74.64894753744738,76.47887959931234,78.41790747157167,82.79278164260882,84.2447264274816,85.21854867064724,85.3004755850181,88.47427432458011,89.98911700776131,98.00234993589754,103.2582730068621,108.02180144338863,109.63610686313173,110.06459751844687,110.26289471972022,116.35790204299168,121.47765014972512,122.33471372648575,123.36948914212887,126.25129936581057,134.1007757465195,134.4460171849734,137.08785048887717,141.80830885177278,142.50331537084617,143.6986913714642,148.97904437002478,156.82204305207273,159.42623101401065,159.8561739300383,165.5989831148142,166.83235795454033,168.68945395466358,172.35706497522943,173.05973024805922,175.924623670078,180.15855262125154,183.89683398367038,189.97555622711877,193.15561541515046,196.65790158221444,198.5302047408432,203.97620575669725,205.0926150370355,205.928066995483,206.25577836777393,213.92677349943466,214.496179780307,216.9713511151047,220.41224709382618,223.39507167633616,231.56419673217698,232.59431689672243,233.29455982578486,234.60737945690352,235.4459069078244,239.0249478147573,244.06652710215445,244.86005872293288,247.40346878391705,251.28568712822124,252.18208672850267,256.175277803438,259.75723731233904,262.83070599348304,263.51384358158504,270.1488705667852,271.27708488497507,276.69435845824694,277.53670387298166,277.66152784228336,281.17960246825385,288.483710426901,291.2566164789353,292.7161150098642,294.6074086437153,298.36509350639307,302.35955251484523,305.3957906795133,306.41140141589995,306.65403010317567,310.83275454721144,312.52376931845305,318.30518850214844,323.9833456754873,325.5419091185053,327.8453163518457,330.5476613884806
GLCM,41.061648072789104,44.70714614250843,47.49478930100964,54.55069258663909,58.58091080059114,60.15111362524698,62.2674262675319,62.39094602667809,66.02958306485472,66.61486748101038,67.03214326901846,75.94779164988338,79.99527564945895,83.28893733222068,84.56266978658755,85.3875588435017,88.45807109705373,92.95952036254545,93.29528574473974,102.74745973873925,103.8538564824427,104.10533505170542,107.6652800512109,108.17551189219367,112.2364336894342,113.58734779647038,117.93403494784108,118.7266806005255,122.03061576184643,123.38539427431942,125.28349107681048,128.6820504739259,135.42129784988987,137.8469256462787,139.8286437660707,141.87175215718577,144.06388762950314,146.0003118905147,150.59734266475354,157.10043009812108,160.53919594966501,164.5831323725383,166.20913831816893,170.6201724671805,171.51145770441315,172.54491178002894,173.69672133588318,179.71403907322713,182.0577300942636,185.0231326280429,190.71539780579428,194.22842194257038,197.96084276240953,201.9359529381693,204.77149176262753,205.32751217898203,209.27255584071503,211.44590836051435,215.56065314431163,216.02070968372396,218.35837902481342,222.42885518424447,228.09166898810577,232.28018614288737,235.26273245815605,236.2089630238754,237.76496214466277,240.65709665824818,245.18213643440873,245.2113077082298,249.770224097025,250.41595159112654,251.77101430960352,254.72956167091348,257.3253592702368,263.5563248460475,266.69990926387896,272.3865704343889,274.6872324805142,278.20692402767156,278.9961455048649,280.991839200808,282.58379686104445,287.77597863921693,290.08846186698986,291.8029014301458,293.530559257898,297.59801381272405,301.15188238148585,304.52600920657113,305.5058925615391,308.2349205844243,310.17388518428106,313.0177153410557,314.29627665171523,318.4822808289935,324.2845899008799,326.9869781594024,329.37294868744334,331.68895435519573
BA-TFD,42.217510256257974,44.74761915881362,47.6576866059181,55.21085241205707,59.04709980089429,61.43488773618833,65.13605437246383,69.93813422476863,73.1680781639931,73.53605678888024,76.74608566090815,77.63946420236913,81.83391628618645,85.2425367305767,90.7598560708951,90.84123598395618,95.4264252747645,97.12174745284793,99.15540061045269,103.03353884262573,104.33986679303493,106.67992908490763,111.89284244868439,112.21930698313247,113.93608146382998,120.87563600203443,121.87808438254993,121.99578637345482,122.07240901777142,123.6146810089993,131.66971482114093,133.9127982664626,135.42431558022486,139.1326335017048,139.98094367790532,143.54937112087745,144.12095947823894,147.61306087629447,153.72190861016557,157.9855747323968,161.6787828162702,169.52357563650747,169.75227492368526,171.92772542036738,172.20419593012076,172.92998861869904,174.45795831078743,184.83991013030044,185.45906479049984,186.17195809845975,191.15141637771535,195.4528082259721,198.99535476808154,203.36021370780986,206.78896314983206,207.59570929033214,213.67089038414298,215.50317290817924,215.6304632785742,216.75537085278705,222.89115236673274,225.25912101251288,228.69984855966004,233.24901998725824,235.55177067556434,237.13218354036417,240.10403421035716,245.06972576512715,246.9331474482558,247.7382479857166,253.65632015585498,254.48348323311598,254.7876083096034,256.44285507633145,258.949190133041,263.7573786465169,271.464081237296,274.31475606980104,277.54027786506066,279.7456712915384,281.76067467850396,282.28490706498894,286.174322857044,289.28931015896916,292.71055328794654,293.81806477403364,295.0263259150918,299.124277276665,304.1789044226324,306.01934565182427,308.9550938104543,309.67839954926296,312.8613064561555,314.1433874999842,314.53714360251206,319.3071668975014,324.81182528106933,327.58859087117827,330.7566498664104,332.3622424806144
MUSE-CLMPNet,42.64288896263517,46.00202949152631,49.60460219307191,55.94399196128127,61.47822612597028,62.08206624179127,67.11256743076231,71.87604205403133,74.73478004144661,76.02275294155561,79.53992583563382,80.61316755785435,82.05660400435329,88.10174800791145,92.20197719756646,92.99957544554226,95.48800188882612,97.43739915882469,99.45844977942629,103.58281238430403,105.560302843423,107.21498205513895,112.2108837091942,117.05207634563367,123.80255877266015,124.76421216859492,125.05725023846169,125.27314398985078,127.21606819337737,131.59271537610442,134.8760899562496,135.4309521512584,137.09353361144503,139.5361573783105,145.47635121176532,146.7300981601045,147.37917646591353,153.0620702529299,154.2848400733954,160.38459153637098,164.68397387022205,171.20954856906928,171.56858534158135,173.5030170515592,175.65095389085639,180.5320595307374,184.60604685520002,185.14140121175262,185.8705807752337,189.04028383664166,193.69448852789043,196.20644242335254,199.93196172072976,203.84752358257413,210.34361824163165,210.83467099129308,213.8011731166277,217.20656963766874,218.84544667934324,223.07877281635956,226.3138189893536,228.18242319660732,230.19015302968705,234.50753127264363,236.3775201906032,240.81612733418262,241.7362973419764,246.15125067127133,253.46817094764447,255.44233683412364,261.8145307611246,263.599933028044,264.11739757566534,266.5505576177429,268.457165039971,271.40298875044874,273.94789709143515,274.3539963974283,278.35827671725997,280.31778830388413,284.13252901363916,290.8221255654938,291.00004186138597,292.66144318538204,293.40819455470705,295.53373143861165,297.0213099057803,302.6963414176631,304.4977906819775,307.64372539542865,309.4176096725884,311.10913983761134,313.6139899546721,314.82176882038596,317.67418388818584,322.2156005207399,324.89104844274794,327.89096930267823,331.6713635691745,333.7945393193868
SCAM-CLMPNet,42.82304499017884,48.57799139450422,49.63882237562562,56.007778926215224,61.49975022972404,65.4733478480054,68.47344893332287,73.63343393816358,78.017666676553,79.1278784795127,80.56273705770343,83.84301642599414,87.61112782734597,90.75177441008651,92.55218947117307,94.99238282916373,97.13174906239699,99.05227499621816,102.11001190994969,104.89050874084582,110.60790835266167,111.3605277066911,112.32859209398384,118.00295726324421,124.44446420376335,124.93080068916765,125.6560870121935,127.50610350023786,131.343293199887,134.70558922414844,136.09262574282377,137.06668261405366,138.1638995045846,140.89131216539715,147.11887284163512,153.15070410859738,155.73889409911476,156.09706654333536,158.34083383486131,162.66127398687286,168.1454703723802,171.72260804914453,177.96038820827061,179.3525660988198,182.9431494860694,183.7270929649257,186.41145755505,188.13812674031067,188.68528772455699,192.12181888488885,194.843576202439,199.85441609650502,201.21709331907533,208.06880607591785,213.27898632997903,216.25266067722293,221.96662639839354,222.61659569458567,223.55171010362483,227.36084303685897,227.97812696262775,228.8750057984542,235.17494171185558,236.2435689830981,239.19081855274936,247.5420587372078,250.44868574300443,252.22003084915065,254.95689339469698,262.8491747441553,262.97302262549346,263.7716543592397,264.9499881306198,267.68057273498147,270.60975173554675,273.05389425261217,275.61199091782845,280.7689894936326,281.5926671848482,281.6904592821021,289.19573602923845,291.01788510321995,291.0732510328008,293.03305445076546,295.21603661059544,296.3751408934195,298.5555001579218,302.70443720983576,307.28670333922673,308.43245476042557,310.22923889341854,312.18616806038193,315.20525322938437,318.38658137716544,318.4188467835647,322.7191842121256,325.30986811327915,328.7029169539967,332.4989181394287,334.02576806667844
SMA-CLMPNet,44.34215866628554,49.0015173978902,52.126140209466506,56.7318915301056,62.01868345937066,65.94374298378406,69.24963702232284,74.567352939035,78.98906254900479,80.29242740413511,82.34171122059857,85.45696293688853,90.43563296784805,92.07379964293725,93.18410017913197,97.13406642451167,98.25179018263009,103.20549151153571,103.59449287418084,107.53144185288033,113.09458600806379,113.41276469559403,115.3666485431968,118.72293799365559,125.18983624993069,125.59910145421492,128.5635312904259,129.9650098644144,131.39723457184073,140.4221486250047,141.38016178598963,143.3569656092375,144.75768840375378,145.78441210735065,147.35260595350184,155.05475234471706,156.06158754359535,158.21891932172815,165.19935418378725,165.33390426770268,170.89776169855293,174.25939829638622,179.6212386812739,180.54482890177695,183.57365482029377,187.64366680572533,192.3910392909749,193.12454977017285,198.5356053055125,201.90798930142182,202.9936640444791,205.11394762690867,205.55843533167445,211.85219655917905,217.5246563961145,220.6598514639956,223.94657692393594,224.3293587802906,228.00275913855143,231.14669585792961,231.79620589556555,234.29123672426522,238.45789924548205,238.6654293492532,240.55313541536765,248.35071594253708,250.47541302280922,254.0172661895432,256.7673295586762,262.8864184315383,264.0345324965862,265.15405681807545,267.2413531650963,269.52464781386084,272.21963267818944,275.14047941654775,281.9533278642511,287.5349509112876,288.8717689660401,288.9974526233621,289.79363982715984,291.6974664342519,293.3429924702254,293.7697744113928,296.10957139420003,298.64988961218677,302.5102346806267,306.59371994810897,307.93903379203556,311.80694238701943,312.14401052011584,313.10271769809776,316.69789258245413,320.22033822467165,323.05118963165745,323.7353884785917,326.6536785084094,328.7833370700318,333.19721708099553,334.07339514117615
OM²AHL-BiG,40.53656085761487,42.08234126609481,45.15845338501362,47.30636312104616,51.33872446937923,52.00289163200138,52.63917718255581,57.80121266196559,59.42905572093747,60.17873293319989,64.75481252285702,66.83517983592267,68.58186326303702,72.50099572046723,72.76865520327699,75.64423077136732,76.09150751913896,77.01639757786586,81.94033695701592,84.14811135185548,85.70575615903492,87.12731818158477,90.12486819966063,91.18981280771042,95.22626745476948,96.90353890645153,105.61850895874248,111.71413970085248,112.15780650863312,120.65578795975725,122.43413027219883,122.75227212853108,123.32521253303648,126.28993489807462,129.0541724394386,131.9327301925748,136.68611536912115,137.6448544812916,137.92973742653353,139.09119692710203,139.202735850581,149.43316905007762,149.56241991841048,152.2692138776461,155.85264786815736,166.854945043962,167.56685949845095,172.41855720468254,174.72752953639264,175.00058504835397,175.35154022661976,176.32131273279498,181.52373641810414,190.05308521515366,190.55713998058627,193.65171540612073,195.01055475928706,195.20142795624656,196.7233734959823,197.10702135528294,203.19087439025185,211.82918440641748,215.09475554118603,215.83667830454823,217.28091519445474,221.2150550702678,223.58229828652924,225.6119965852294,226.9794755445165,228.69876065803766,233.73296920224186,234.90753844728528,236.38859398177158,244.03697712917113,245.46714306241375,245.82796227574318,256.29182596676884,257.30846360826087,259.47682103215766,264.26977878395815,266.90413417625194,270.8424494520547,272.00339413573244,272.301443951356,273.13200356845255,276.31631904047,280.19205397427424,283.2437266896529,284.17047003972925,289.9292622211712,290.4888117173369,292.9229327858686,300.17318128429,308.43653375264387,309.0575368705235,313.58163243443516,318.4253952967981,319.63633740408153,320.4182054469395,321.79661241233447
